{
  "train_losses": [
    0.6794979510207971,
    0.6612709102531275
  ],
  "val_losses": [
    0.7147665917873383,
    0.6752357482910156
  ],
  "train_accuracies": [
    56.258234519104086,
    58.89328063241107
  ],
  "val_accuracies": [
    51.578947368421055,
    56.31578947368421
  ],
  "best_epoch": 2,
  "best_val_loss": 0.6752357482910156,
  "best_val_accuracy": 56.31578947368421
}