{
  "train_losses": [
    0.8152515267332395,
    0.791600089520216
  ],
  "val_losses": [
    0.7884233544270197,
    0.749826580286026
  ],
  "train_accuracies": [
    39.78919631093544,
    41.89723320158103
  ],
  "val_accuracies": [
    46.8421052631579,
    49.473684210526315
  ],
  "best_epoch": 2,
  "best_val_loss": 0.749826580286026,
  "best_val_accuracy": 49.473684210526315
}