{
  "train_losses": [
    0.6887849296132723,
    0.6522086809078852
  ],
  "val_losses": [
    0.6620587209860483,
    0.6364102562268575
  ],
  "train_accuracies": [
    57.18050065876153,
    63.768115942028984
  ],
  "val_accuracies": [
    65.78947368421052,
    68.42105263157895
  ],
  "best_epoch": 2,
  "best_val_loss": 0.6364102562268575,
  "best_val_accuracy": 68.42105263157895
}