{
  "train_losses": [
    0.6174209037174782,
    0.5828980642060438
  ],
  "val_losses": [
    0.5475920289754868,
    0.5227089847127596
  ],
  "train_accuracies": [
    65.08563899868248,
    69.96047430830039
  ],
  "val_accuracies": [
    73.6842105263158,
    78.94736842105263
  ],
  "best_epoch": 2,
  "best_val_loss": 0.5227089847127596,
  "best_val_accuracy": 78.94736842105263
}