{
  "train_losses": [
    0.7555634354551634,
    0.7017875897387663
  ],
  "val_losses": [
    0.7111869156360626,
    0.669098749756813
  ],
  "train_accuracies": [
    52.36842105263158,
    55.78947368421053
  ],
  "val_accuracies": [
    56.08465608465608,
    60.84656084656085
  ],
  "best_epoch": 2,
  "best_val_loss": 0.669098749756813,
  "best_val_accuracy": 60.84656084656085
}