{
  "train_losses": [
    0.6939008024831613,
    0.6651250993212064
  ],
  "val_losses": [
    0.641343762477239,
    0.6170683751503626
  ],
  "train_accuracies": [
    56.38998682476943,
    60.342555994729906
  ],
  "val_accuracies": [
    66.3157894736842,
    69.47368421052632
  ],
  "best_epoch": 2,
  "best_val_loss": 0.6170683751503626,
  "best_val_accuracy": 69.47368421052632
}