{
  "train_losses": [
    0.7614156541725,
    0.7333565317094326
  ],
  "val_losses": [
    0.7134984880685806,
    0.6991959263881048
  ],
  "train_accuracies": [
    47.430830039525695,
    51.91040843214756
  ],
  "val_accuracies": [
    50.526315789473685,
    53.1578947368421
  ],
  "best_epoch": 2,
  "best_val_loss": 0.6991959263881048,
  "best_val_accuracy": 53.1578947368421
}