{
  "train_losses": [
    0.6405036486685276,
    0.6206745331486067
  ],
  "val_losses": [
    0.661235123872757,
    0.6249316657582918
  ],
  "train_accuracies": [
    64.16337285902503,
    66.53491436100131
  ],
  "val_accuracies": [
    62.63157894736842,
    66.3157894736842
  ],
  "best_epoch": 2,
  "best_val_loss": 0.6249316657582918,
  "best_val_accuracy": 66.3157894736842
}