{
  "train_losses": [
    0.6487317830324173,
    0.6168578552703062
  ],
  "val_losses": [
    0.668235719203949,
    0.6481005400419235
  ],
  "train_accuracies": [
    62.714097496706195,
    66.13965744400527
  ],
  "val_accuracies": [
    60.526315789473685,
    62.63157894736842
  ],
  "best_epoch": 2,
  "best_val_loss": 0.6481005400419235,
  "best_val_accuracy": 62.63157894736842
}