{
  "train_losses": [
    0.6990145115802685,
    0.6613622711350521
  ],
  "val_losses": [
    0.7125476996103922,
    0.689379925529162
  ],
  "train_accuracies": [
    53.94736842105263,
    58.68421052631579
  ],
  "val_accuracies": [
    53.96825396825397,
    55.026455026455025
  ],
  "best_epoch": 2,
  "best_val_loss": 0.689379925529162,
  "best_val_accuracy": 55.026455026455025
}